bard_bi_replicate.bdi_pipo_bard_ic,EXTERNAL_TABLE,wasbs://prodattunitycontainer@data3repoprd.blob.core.windows.net/attunity/bard_bi_replicate/BDI_PIPO_BARD_IC__20250720190057,hdfs dfs -du -s -h "wasbs://prodattunitycontainer@data3repoprd.blob.core.windows.net/attunity/bard_bi_replicate/BDI_PIPO_BARD_IC__20250720190057" 
bard_bi_replicate.bdi_pipo_ic_legal_entity,EXTERNAL_TABLE,wasbs://prodattunitycontainer@data3repoprd.blob.core.windows.net/attunity/bard_bi_replicate/BDI_PIPO_IC_LEGAL_ENTITY,hdfs dfs -du -s -h "wasbs://prodattunitycontainer@data3repoprd.blob.core.windows.net/attunity/bard_bi_replicate/BDI_PIPO_IC_LEGAL_ENTITY" 
bard_bi_replicate.bdi_pipo_bard_actual,EXTERNAL_TABLE,wasbs://prodattunitycontainer@data3repoprd.blob.core.windows.net/attunity/bard_bi_replicate/BDI_PIPO_BARD_ACTUAL__20250720190038,hdfs dfs -du -s -h "wasbs://prodattunitycontainer@data3repoprd.blob.core.windows.net/attunity/bard_bi_replicate/BDI_PIPO_BARD_ACTUAL__20250720190038" 
bard_bi_replicate.bdi_pipo_actual_legal_entity,EXTERNAL_TABLE,wasbs://prodattunitycontainer@data3repoprd.blob.core.windows.net/attunity/bard_bi_replicate/BDI_PIPO_ACTUAL_LEGAL_ENTITY,hdfs dfs -du -s -h "wasbs://prodattunitycontainer@data3repoprd.blob.core.windows.net/attunity/bard_bi_replicate/BDI_PIPO_ACTUAL_LEGAL_ENTITY" 
everest_ecc_replicate.t001w,EXTERNAL_TABLE,wasbs://prodattunitycontainer@data3repoprd.blob.core.windows.net/attunity/everest_ecc_replicate/T001W,hdfs dfs -du -s -h "wasbs://prodattunitycontainer@data3repoprd.blob.core.windows.net/attunity/everest_ecc_replicate/T001W" 
everest_ecc_replicate.t001,EXTERNAL_TABLE,wasbs://prodattunitycontainer@data3repoprd.blob.core.windows.net/attunity/everest_ecc_replicate/T001,hdfs dfs -du -s -h "wasbs://prodattunitycontainer@data3repoprd.blob.core.windows.net/attunity/everest_ecc_replicate/T001" 
everest_ecc_replicate.kna1,EXTERNAL_TABLE,wasbs://prodattunitycontainer@data3repoprd.blob.core.windows.net/attunity/everest_ecc_replicate/KNA1,hdfs dfs -du -s -h "wasbs://prodattunitycontainer@data3repoprd.blob.core.windows.net/attunity/everest_ecc_replicate/KNA1" 
everest_ecc_replicate.knb1,EXTERNAL_TABLE,wasbs://prodattunitycontainer@data3repoprd.blob.core.windows.net/attunity/everest_ecc_replicate/KNB1,hdfs dfs -du -s -h "wasbs://prodattunitycontainer@data3repoprd.blob.core.windows.net/attunity/everest_ecc_replicate/KNB1" 
everest_ecc_staging.mara_stg,MANAGED_TABLE,wasb://hdisprod-ddp-2018-01-18t16-05-30-769z@data1repoprd.blob.core.windows.net/hive/warehouse/everest_ecc_staging.db/mara_stg,hdfs dfs -du -s -h "wasb://hdisprod-ddp-2018-01-18t16-05-30-769z@data1repoprd.blob.core.windows.net/hive/warehouse/everest_ecc_staging.db/mara_stg" 
everest_ecc_staging.makt_stg,MANAGED_TABLE,wasb://hdisprod-ddp-2018-01-18t16-05-30-769z@data1repoprd.blob.core.windows.net/hive/warehouse/everest_ecc_staging.db/makt_stg,hdfs dfs -du -s -h "wasb://hdisprod-ddp-2018-01-18t16-05-30-769z@data1repoprd.blob.core.windows.net/hive/warehouse/everest_ecc_staging.db/makt_stg" 
everest_ecc_staging.marm_stg,MANAGED_TABLE,wasb://hdisprod-ddp-2018-01-18t16-05-30-769z@data1repoprd.blob.core.windows.net/hive/warehouse/everest_ecc_staging.db/marm_stg,hdfs dfs -du -s -h "wasb://hdisprod-ddp-2018-01-18t16-05-30-769z@data1repoprd.blob.core.windows.net/hive/warehouse/everest_ecc_staging.db/marm_stg" 
everest_ecc_staging.vbrp_stg,MANAGED_TABLE,wasb://hdisprod-ddp-2018-01-18t16-05-30-769z@data1repoprd.blob.core.windows.net/hive/warehouse/everest_ecc_staging.db/vbrp_stg,hdfs dfs -du -s -h "wasb://hdisprod-ddp-2018-01-18t16-05-30-769z@data1repoprd.blob.core.windows.net/hive/warehouse/everest_ecc_staging.db/vbrp_stg" 
everest_ecc_staging.marc_stg,MANAGED_TABLE,wasb://hdisprod-ddp-2018-01-18t16-05-30-769z@data1repoprd.blob.core.windows.net/hive/warehouse/everest_ecc_staging.db/marc_stg,hdfs dfs -du -s -h "wasb://hdisprod-ddp-2018-01-18t16-05-30-769z@data1repoprd.blob.core.windows.net/hive/warehouse/everest_ecc_staging.db/marc_stg" 
everest_ecc_staging.mseg_stg,MANAGED_TABLE,wasb://hdisprod-ddp-2018-01-18t16-05-30-769z@data1repoprd.blob.core.windows.net/hive/warehouse/everest_ecc_staging.db/mseg_stg,hdfs dfs -du -s -h "wasb://hdisprod-ddp-2018-01-18t16-05-30-769z@data1repoprd.blob.core.windows.net/hive/warehouse/everest_ecc_staging.db/mseg_stg" 
everest_ecc_staging.vbrk_stg,MANAGED_TABLE,wasb://hdisprod-ddp-2018-01-18t16-05-30-769z@data1repoprd.blob.core.windows.net/hive/warehouse/everest_ecc_staging.db/vbrk_stg,hdfs dfs -du -s -h "wasb://hdisprod-ddp-2018-01-18t16-05-30-769z@data1repoprd.blob.core.windows.net/hive/warehouse/everest_ecc_staging.db/vbrk_stg" 
everest_ecc_secure_staging.ce1bd01_stg,MANAGED_TABLE,wasb://hdisprod-ddp-2018-01-18t16-05-30-769z@data1repoprd.blob.core.windows.net/hive/warehouse/everest_ecc_secure_staging.db/ce1bd01_stg,hdfs dfs -du -s -h "wasb://hdisprod-ddp-2018-01-18t16-05-30-769z@data1repoprd.blob.core.windows.net/hive/warehouse/everest_ecc_secure_staging.db/ce1bd01_stg" 
lots_staging.pfpxz_stg,MANAGED_TABLE,wasb://hdisprod-ddp-2018-01-18t16-05-30-769z@data1repoprd.blob.core.windows.net/hive/warehouse/lots_staging.db/pfpxz_stg,hdfs dfs -du -s -h "wasb://hdisprod-ddp-2018-01-18t16-05-30-769z@data1repoprd.blob.core.windows.net/hive/warehouse/lots_staging.db/pfpxz_stg" 
monaco_ecc_replicate.t001,EXTERNAL_TABLE,wasbs://hdisprod-ddp-2018-01-18t16-05-30-769z@data1repoprd.blob.core.windows.net/attunity/monaco_ecc_replicate/T001,hdfs dfs -du -s -h "wasbs://hdisprod-ddp-2018-01-18t16-05-30-769z@data1repoprd.blob.core.windows.net/attunity/monaco_ecc_replicate/T001" 
monaco_ecc_staging.makt_stg,MANAGED_TABLE,wasb://hdisprod-ddp-2018-01-18t16-05-30-769z@data1repoprd.blob.core.windows.net/hive/warehouse/monaco_ecc_staging.db/makt_stg,hdfs dfs -du -s -h "wasb://hdisprod-ddp-2018-01-18t16-05-30-769z@data1repoprd.blob.core.windows.net/hive/warehouse/monaco_ecc_staging.db/makt_stg" 
monaco_ecc_staging.marc_stg,MANAGED_TABLE,wasb://hdisprod-ddp-2018-01-18t16-05-30-769z@data1repoprd.blob.core.windows.net/hive/warehouse/monaco_ecc_staging.db/marc_stg,hdfs dfs -du -s -h "wasb://hdisprod-ddp-2018-01-18t16-05-30-769z@data1repoprd.blob.core.windows.net/hive/warehouse/monaco_ecc_staging.db/marc_stg" 
monaco_ecc_staging.mseg_stg,MANAGED_TABLE,wasb://hdisprod-ddp-2018-01-18t16-05-30-769z@data1repoprd.blob.core.windows.net/hive/warehouse/monaco_ecc_staging.db/mseg_stg,hdfs dfs -du -s -h "wasb://hdisprod-ddp-2018-01-18t16-05-30-769z@data1repoprd.blob.core.windows.net/hive/warehouse/monaco_ecc_staging.db/mseg_stg" 
tahiti_ecc_replicate.t001w,EXTERNAL_TABLE,wasbs://prodattunitycontainer@data3repoprd.blob.core.windows.net/attunity/tahiti_ecc_replicate/T001W,hdfs dfs -du -s -h "wasbs://prodattunitycontainer@data3repoprd.blob.core.windows.net/attunity/tahiti_ecc_replicate/T001W" 
tahiti_ecc_replicate.t001,EXTERNAL_TABLE,wasbs://prodattunitycontainer@data3repoprd.blob.core.windows.net/attunity/tahiti_ecc_replicate/T001,hdfs dfs -du -s -h "wasbs://prodattunitycontainer@data3repoprd.blob.core.windows.net/attunity/tahiti_ecc_replicate/T001" 
tahiti_ecc_replicate.kna1,EXTERNAL_TABLE,wasbs://prodattunitycontainer@data3repoprd.blob.core.windows.net/attunity/tahiti_ecc_replicate/KNA1,hdfs dfs -du -s -h "wasbs://prodattunitycontainer@data3repoprd.blob.core.windows.net/attunity/tahiti_ecc_replicate/KNA1" 
tahiti_ecc_replicate.knb1,EXTERNAL_TABLE,wasbs://prodattunitycontainer@data3repoprd.blob.core.windows.net/attunity/tahiti_ecc_replicate/KNB1,hdfs dfs -du -s -h "wasbs://prodattunitycontainer@data3repoprd.blob.core.windows.net/attunity/tahiti_ecc_replicate/KNB1" 
tahiti_ecc_replicate.knvv,EXTERNAL_TABLE,wasbs://prodattunitycontainer@data3repoprd.blob.core.windows.net/attunity/tahiti_ecc_replicate/KNVV,hdfs dfs -du -s -h "wasbs://prodattunitycontainer@data3repoprd.blob.core.windows.net/attunity/tahiti_ecc_replicate/KNVV" 
tahiti_ecc_staging.mara_stg,MANAGED_TABLE,wasb://hdisprod-ddp-2018-01-18t16-05-30-769z@data1repoprd.blob.core.windows.net/hive/warehouse/tahiti_ecc_staging.db/mara_stg,hdfs dfs -du -s -h "wasb://hdisprod-ddp-2018-01-18t16-05-30-769z@data1repoprd.blob.core.windows.net/hive/warehouse/tahiti_ecc_staging.db/mara_stg" 
tahiti_ecc_staging.makt_stg,MANAGED_TABLE,wasb://hdisprod-ddp-2018-01-18t16-05-30-769z@data1repoprd.blob.core.windows.net/hive/warehouse/tahiti_ecc_staging.db/makt_stg,hdfs dfs -du -s -h "wasb://hdisprod-ddp-2018-01-18t16-05-30-769z@data1repoprd.blob.core.windows.net/hive/warehouse/tahiti_ecc_staging.db/makt_stg" 
tahiti_ecc_staging.mseg_stg,MANAGED_TABLE,wasb://hdisprod-ddp-2018-01-18t16-05-30-769z@data1repoprd.blob.core.windows.net/hive/warehouse/tahiti_ecc_staging.db/mseg_stg,hdfs dfs -du -s -h "wasb://hdisprod-ddp-2018-01-18t16-05-30-769z@data1repoprd.blob.core.windows.net/hive/warehouse/tahiti_ecc_staging.db/mseg_stg" 
tahiti_ecc_staging.vbrk_stg,MANAGED_TABLE,wasb://hdisprod-ddp-2018-01-18t16-05-30-769z@data1repoprd.blob.core.windows.net/hive/warehouse/tahiti_ecc_staging.db/vbrk_stg,hdfs dfs -du -s -h "wasb://hdisprod-ddp-2018-01-18t16-05-30-769z@data1repoprd.blob.core.windows.net/hive/warehouse/tahiti_ecc_staging.db/vbrk_stg" 
tahiti_ecc_staging.vbrp_stg,MANAGED_TABLE,wasb://hdisprod-ddp-2018-01-18t16-05-30-769z@data1repoprd.blob.core.windows.net/hive/warehouse/tahiti_ecc_staging.db/vbrp_stg,hdfs dfs -du -s -h "wasb://hdisprod-ddp-2018-01-18t16-05-30-769z@data1repoprd.blob.core.windows.net/hive/warehouse/tahiti_ecc_staging.db/vbrp_stg" 
tahiti_ecc_staging.marc_stg,MANAGED_TABLE,wasb://hdisprod-ddp-2018-01-18t16-05-30-769z@data1repoprd.blob.core.windows.net/hive/warehouse/tahiti_ecc_staging.db/marc_stg,hdfs dfs -du -s -h "wasb://hdisprod-ddp-2018-01-18t16-05-30-769z@data1repoprd.blob.core.windows.net/hive/warehouse/tahiti_ecc_staging.db/marc_stg" 
pinpoint_prod.bardtradeflow_expanded,EXTERNAL_TABLE,wasb://hdisprod-ddp-2018-01-18t16-05-30-769z@data1repoprd.blob.core.windows.net/hive/warehouse/pinpoint_prod.db/bardtradeflow_expanded,hdfs dfs -du -s -h "wasb://hdisprod-ddp-2018-01-18t16-05-30-769z@data1repoprd.blob.core.windows.net/hive/warehouse/pinpoint_prod.db/bardtradeflow_expanded" 
pinpoint_prod.bard_actual,MANAGED_TABLE,wasb://hdisprod-ddp-2018-01-18t16-05-30-769z@data1repoprd.blob.core.windows.net/hive/warehouse/pinpoint_prod.db/bard_actual,hdfs dfs -du -s -h "wasb://hdisprod-ddp-2018-01-18t16-05-30-769z@data1repoprd.blob.core.windows.net/hive/warehouse/pinpoint_prod.db/bard_actual" 
pinpoint_prod.companycodetotaxsourcemanufacturer,EXTERNAL_TABLE,wasb://hdisprod-ddp-2018-01-18t16-05-30-769z@data1repoprd.blob.core.windows.net/hive/warehouse/pinpoint_prod.db/companycodetotaxsourcemanufacturer,hdfs dfs -du -s -h "wasb://hdisprod-ddp-2018-01-18t16-05-30-769z@data1repoprd.blob.core.windows.net/hive/warehouse/pinpoint_prod.db/companycodetotaxsourcemanufacturer" 
pinpoint_prod.taxsourcemanufacturer_bard,EXTERNAL_TABLE,wasb://prd06-hdi4-spark-2023-01-14t05-33-11-222z@data1repoprd.blob.core.windows.net/hive/warehouse/external/pinpoint_prod.db/taxsourcemanufacturer_bard,hdfs dfs -du -s -h "wasb://prd06-hdi4-spark-2023-01-14t05-33-11-222z@data1repoprd.blob.core.windows.net/hive/warehouse/external/pinpoint_prod.db/taxsourcemanufacturer_bard" 
pinpoint_prod.bard_ic,MANAGED_TABLE,wasb://hdisprod-ddp-2018-01-18t16-05-30-769z@data1repoprd.blob.core.windows.net/hive/warehouse/pinpoint_prod.db/bard_ic,hdfs dfs -du -s -h "wasb://hdisprod-ddp-2018-01-18t16-05-30-769z@data1repoprd.blob.core.windows.net/hive/warehouse/pinpoint_prod.db/bard_ic" 
pinpoint_prod.T001w_tahiti,MANAGED_TABLE,wasb://hdisprod-ddp-2018-01-18t16-05-30-769z@data1repoprd.blob.core.windows.net/hive/warehouse/pinpoint_prod.db/t001w_tahiti,hdfs dfs -du -s -h "wasb://hdisprod-ddp-2018-01-18t16-05-30-769z@data1repoprd.blob.core.windows.net/hive/warehouse/pinpoint_prod.db/t001w_tahiti" 
pinpoint_prod.T001w_everest,MANAGED_TABLE,wasb://hdisprod-ddp-2018-01-18t16-05-30-769z@data1repoprd.blob.core.windows.net/hive/warehouse/pinpoint_prod.db/t001w_everest,hdfs dfs -du -s -h "wasb://hdisprod-ddp-2018-01-18t16-05-30-769z@data1repoprd.blob.core.windows.net/hive/warehouse/pinpoint_prod.db/t001w_everest" 
pinpoint_prod.lots_plant_codes,EXTERNAL_TABLE,wasb://hdisprod-ddp-2018-01-18t16-05-30-769z@data1repoprd.blob.core.windows.net/hive/warehouse/pinpoint_prod.db/lots_plant_codes,hdfs dfs -du -s -h "wasb://hdisprod-ddp-2018-01-18t16-05-30-769z@data1repoprd.blob.core.windows.net/hive/warehouse/pinpoint_prod.db/lots_plant_codes" 
pinpoint_prod.t001w,MANAGED_TABLE,wasb://hdisprod-ddp-2018-01-18t16-05-30-769z@data1repoprd.blob.core.windows.net/hive/warehouse/pinpoint_prod.db/t001w,hdfs dfs -du -s -h "wasb://hdisprod-ddp-2018-01-18t16-05-30-769z@data1repoprd.blob.core.windows.net/hive/warehouse/pinpoint_prod.db/t001w" 
pinpoint_prod.pfpxz_stg,MANAGED_TABLE,wasb://hdisprod-ddp-2018-01-18t16-05-30-769z@data1repoprd.blob.core.windows.net/hive/warehouse/pinpoint_prod.db/pfpxz_stg,hdfs dfs -du -s -h "wasb://hdisprod-ddp-2018-01-18t16-05-30-769z@data1repoprd.blob.core.windows.net/hive/warehouse/pinpoint_prod.db/pfpxz_stg" 
pinpoint_prod_bk.T001_everest,MANAGED_TABLE,wasb://hdisprod-ddp-2018-01-18t16-05-30-769z@data1repoprd.blob.core.windows.net/hive/warehouse/pinpoint_prod_bk.db/t001_everest,hdfs dfs -du -s -h "wasb://hdisprod-ddp-2018-01-18t16-05-30-769z@data1repoprd.blob.core.windows.net/hive/warehouse/pinpoint_prod_bk.db/t001_everest" 
pinpoint_prod_bk.T001_tahiti,MANAGED_TABLE,wasb://hdisprod-ddp-2018-01-18t16-05-30-769z@data1repoprd.blob.core.windows.net/hive/warehouse/pinpoint_prod_bk.db/t001_tahiti,hdfs dfs -du -s -h "wasb://hdisprod-ddp-2018-01-18t16-05-30-769z@data1repoprd.blob.core.windows.net/hive/warehouse/pinpoint_prod_bk.db/t001_tahiti" 
pinpoint_prod_bk.T001_monaco,MANAGED_TABLE,wasb://hdisprod-ddp-2018-01-18t16-05-30-769z@data1repoprd.blob.core.windows.net/hive/warehouse/pinpoint_prod_bk.db/t001_monaco,hdfs dfs -du -s -h "wasb://hdisprod-ddp-2018-01-18t16-05-30-769z@data1repoprd.blob.core.windows.net/hive/warehouse/pinpoint_prod_bk.db/t001_monaco" 
pinpoint_prod.T001_everest,MANAGED_TABLE,wasb://hdisprod-ddp-2018-01-18t16-05-30-769z@data1repoprd.blob.core.windows.net/hive/warehouse/pinpoint_prod.db/t001_everest,hdfs dfs -du -s -h "wasb://hdisprod-ddp-2018-01-18t16-05-30-769z@data1repoprd.blob.core.windows.net/hive/warehouse/pinpoint_prod.db/t001_everest" 
pinpoint_prod.T001_tahiti,MANAGED_TABLE,wasb://hdisprod-ddp-2018-01-18t16-05-30-769z@data1repoprd.blob.core.windows.net/hive/warehouse/pinpoint_prod.db/t001_tahiti,hdfs dfs -du -s -h "wasb://hdisprod-ddp-2018-01-18t16-05-30-769z@data1repoprd.blob.core.windows.net/hive/warehouse/pinpoint_prod.db/t001_tahiti" 
pinpoint_prod.mara_tahiti,MANAGED_TABLE,wasb://hdisprod-ddp-2018-01-18t16-05-30-769z@data1repoprd.blob.core.windows.net/hive/warehouse/pinpoint_prod.db/mara_tahiti,hdfs dfs -du -s -h "wasb://hdisprod-ddp-2018-01-18t16-05-30-769z@data1repoprd.blob.core.windows.net/hive/warehouse/pinpoint_prod.db/mara_tahiti" 
pinpoint_prod.hierarchy_all_bu_new,EXTERNAL_TABLE,wasb://hdisprod-ddp-2018-01-18t16-05-30-769z@data1repoprd.blob.core.windows.net/hive/warehouse/pinpoint_prod.db/hierarchy_all_bu_new,hdfs dfs -du -s -h "wasb://hdisprod-ddp-2018-01-18t16-05-30-769z@data1repoprd.blob.core.windows.net/hive/warehouse/pinpoint_prod.db/hierarchy_all_bu_new" 
pinpoint_prod.nodum,MANAGED_TABLE,wasb://hdisprod-ddp-2018-01-18t16-05-30-769z@data1repoprd.blob.core.windows.net/hive/warehouse/pinpoint_prod.db/nodum,hdfs dfs -du -s -h "wasb://hdisprod-ddp-2018-01-18t16-05-30-769z@data1repoprd.blob.core.windows.net/hive/warehouse/pinpoint_prod.db/nodum" 
pinpoint_prod.tahiti_billing,MANAGED_TABLE,wasb://hdisprod-ddp-2018-01-18t16-05-30-769z@data1repoprd.blob.core.windows.net/hive/warehouse/pinpoint_prod.db/tahiti_billing,hdfs dfs -du -s -h "wasb://hdisprod-ddp-2018-01-18t16-05-30-769z@data1repoprd.blob.core.windows.net/hive/warehouse/pinpoint_prod.db/tahiti_billing" 
pinpoint_prod.lots_load,MANAGED_TABLE,wasb://hdisprod-ddp-2018-01-18t16-05-30-769z@data1repoprd.blob.core.windows.net/hive/warehouse/pinpoint_prod.db/lots_load,hdfs dfs -du -s -h "wasb://hdisprod-ddp-2018-01-18t16-05-30-769z@data1repoprd.blob.core.windows.net/hive/warehouse/pinpoint_prod.db/lots_load" 
PINPOINT_PROD.NODUM_Source,MANAGED_TABLE,wasb://hdisprod-ddp-2018-01-18t16-05-30-769z@data1repoprd.blob.core.windows.net/hive/warehouse/pinpoint_prod.db/nodum_source,hdfs dfs -du -s -h "wasb://hdisprod-ddp-2018-01-18t16-05-30-769z@data1repoprd.blob.core.windows.net/hive/warehouse/pinpoint_prod.db/nodum_source" 
pinpoint_prod.platform_stg,MANAGED_TABLE,wasb://hdisprod-ddp-2018-01-18t16-05-30-769z@data1repoprd.blob.core.windows.net/hive/warehouse/pinpoint_prod.db/platform_stg,hdfs dfs -du -s -h "wasb://hdisprod-ddp-2018-01-18t16-05-30-769z@data1repoprd.blob.core.windows.net/hive/warehouse/pinpoint_prod.db/platform_stg" 
pinpoint_prod.T001_tahiti,MANAGED_TABLE,wasb://hdisprod-ddp-2018-01-18t16-05-30-769z@data1repoprd.blob.core.windows.net/hive/warehouse/pinpoint_prod.db/t001_tahiti,hdfs dfs -du -s -h "wasb://hdisprod-ddp-2018-01-18t16-05-30-769z@data1repoprd.blob.core.windows.net/hive/warehouse/pinpoint_prod.db/t001_tahiti" 
pinpoint_prod.T001_monaco,MANAGED_TABLE,wasb://hdisprod-ddp-2018-01-18t16-05-30-769z@data1repoprd.blob.core.windows.net/hive/warehouse/pinpoint_prod.db/t001_monaco,hdfs dfs -du -s -h "wasb://hdisprod-ddp-2018-01-18t16-05-30-769z@data1repoprd.blob.core.windows.net/hive/warehouse/pinpoint_prod.db/t001_monaco" 
pinpoint_prod.mara_everest,MANAGED_TABLE,wasb://hdisprod-ddp-2018-01-18t16-05-30-769z@data1repoprd.blob.core.windows.net/hive/warehouse/pinpoint_prod.db/mara_everest,hdfs dfs -du -s -h "wasb://hdisprod-ddp-2018-01-18t16-05-30-769z@data1repoprd.blob.core.windows.net/hive/warehouse/pinpoint_prod.db/mara_everest" 
pinpoint_prod.mara_monaco,MANAGED_TABLE,wasb://hdisprod-ddp-2018-01-18t16-05-30-769z@data1repoprd.blob.core.windows.net/hive/warehouse/pinpoint_prod.db/mara_monaco,hdfs dfs -du -s -h "wasb://hdisprod-ddp-2018-01-18t16-05-30-769z@data1repoprd.blob.core.windows.net/hive/warehouse/pinpoint_prod.db/mara_monaco" 
pinpoint_prod.makt_everest,MANAGED_TABLE,wasb://hdisprod-ddp-2018-01-18t16-05-30-769z@data1repoprd.blob.core.windows.net/hive/warehouse/pinpoint_prod.db/makt_everest,hdfs dfs -du -s -h "wasb://hdisprod-ddp-2018-01-18t16-05-30-769z@data1repoprd.blob.core.windows.net/hive/warehouse/pinpoint_prod.db/makt_everest" 
pinpoint_prod.makt_tahiti,MANAGED_TABLE,wasb://hdisprod-ddp-2018-01-18t16-05-30-769z@data1repoprd.blob.core.windows.net/hive/warehouse/pinpoint_prod.db/makt_tahiti,hdfs dfs -du -s -h "wasb://hdisprod-ddp-2018-01-18t16-05-30-769z@data1repoprd.blob.core.windows.net/hive/warehouse/pinpoint_prod.db/makt_tahiti" 
pinpoint_prod.makt_monaco,MANAGED_TABLE,wasb://hdisprod-ddp-2018-01-18t16-05-30-769z@data1repoprd.blob.core.windows.net/hive/warehouse/pinpoint_prod.db/makt_monaco,hdfs dfs -du -s -h "wasb://hdisprod-ddp-2018-01-18t16-05-30-769z@data1repoprd.blob.core.windows.net/hive/warehouse/pinpoint_prod.db/makt_monaco" 
pinpoint_prod.ce1bd01_stg_everest,MANAGED_TABLE,wasb://hdisprod-ddp-2018-01-18t16-05-30-769z@data1repoprd.blob.core.windows.net/hive/warehouse/pinpoint_prod.db/ce1bd01_stg_everest,hdfs dfs -du -s -h "wasb://hdisprod-ddp-2018-01-18t16-05-30-769z@data1repoprd.blob.core.windows.net/hive/warehouse/pinpoint_prod.db/ce1bd01_stg_everest" 
pinpoint_prod.marm_stg_everest,MANAGED_TABLE,wasb://hdisprod-ddp-2018-01-18t16-05-30-769z@data1repoprd.blob.core.windows.net/hive/warehouse/pinpoint_prod.db/marm_stg_everest,hdfs dfs -du -s -h "wasb://hdisprod-ddp-2018-01-18t16-05-30-769z@data1repoprd.blob.core.windows.net/hive/warehouse/pinpoint_prod.db/marm_stg_everest" 
pinpoint_prod.re_reprofitctr_bpc,EXTERNAL_TABLE,wasb://hdisprod-ddp-2018-01-18t16-05-30-769z@data1repoprd.blob.core.windows.net/hive/warehouse/pinpoint_prod.db/re_reprofitctr_bpc,hdfs dfs -du -s -h "wasb://hdisprod-ddp-2018-01-18t16-05-30-769z@data1repoprd.blob.core.windows.net/hive/warehouse/pinpoint_prod.db/re_reprofitctr_bpc" 
common_dimensions.re_reprofitctr_bpc,EXTERNAL_TABLE,wasb://hdisprod-ddp-2018-01-18t16-05-30-769z@data1repoprd.blob.core.windows.net/hive/warehouse/common_dimensions.db/re_reprofitctr_bpc,hdfs dfs -du -s -h "wasb://hdisprod-ddp-2018-01-18t16-05-30-769z@data1repoprd.blob.core.windows.net/hive/warehouse/common_dimensions.db/re_reprofitctr_bpc" 
common_dimensions.product_hierarchy_all_bu_reltio,MANAGED_TABLE,wasb://hdisprod-ddp-2018-01-18t16-05-30-769z@data1repoprd.blob.core.windows.net/hive/warehouse/common_dimensions.db/product_hierarchy_all_bu_reltio,hdfs dfs -du -s -h "wasb://hdisprod-ddp-2018-01-18t16-05-30-769z@data1repoprd.blob.core.windows.net/hive/warehouse/common_dimensions.db/product_hierarchy_all_bu_reltio" 
pinpoint_prod.vbrp_stg,MANAGED_TABLE,wasb://hdisprod-ddp-2018-01-18t16-05-30-769z@data1repoprd.blob.core.windows.net/hive/warehouse/pinpoint_prod.db/vbrp_stg,hdfs dfs -du -s -h "wasb://hdisprod-ddp-2018-01-18t16-05-30-769z@data1repoprd.blob.core.windows.net/hive/warehouse/pinpoint_prod.db/vbrp_stg" 
pinpoint_prod.intermediate_marc,MANAGED_TABLE,wasb://hdisprod-ddp-2018-01-18t16-05-30-769z@data1repoprd.blob.core.windows.net/hive/warehouse/pinpoint_prod.db/intermediate_marc,hdfs dfs -du -s -h "wasb://hdisprod-ddp-2018-01-18t16-05-30-769z@data1repoprd.blob.core.windows.net/hive/warehouse/pinpoint_prod.db/intermediate_marc" 
pinpoint_prod.bard_sourcemanufacturer,MANAGED_TABLE,wasb://hdisprod-ddp-2018-01-18t16-05-30-769z@data1repoprd.blob.core.windows.net/hive/warehouse/pinpoint_prod.db/bard_sourcemanufacturer,hdfs dfs -du -s -h "wasb://hdisprod-ddp-2018-01-18t16-05-30-769z@data1repoprd.blob.core.windows.net/hive/warehouse/pinpoint_prod.db/bard_sourcemanufacturer" 
pinpoint_prod.sm_secondarylookup,EXTERNAL_TABLE,wasb://hdisprod-ddp-2018-01-18t16-05-30-769z@data1repoprd.blob.core.windows.net/hive/warehouse/pinpoint_prod.db/sm_secondarylookup,hdfs dfs -du -s -h "wasb://hdisprod-ddp-2018-01-18t16-05-30-769z@data1repoprd.blob.core.windows.net/hive/warehouse/pinpoint_prod.db/sm_secondarylookup" 
pinpoint_prod.sm_bard_lookup,MANAGED_TABLE,wasb://hdisprod-ddp-2018-01-18t16-05-30-769z@data1repoprd.blob.core.windows.net/hive/warehouse/pinpoint_prod.db/sm_bard_lookup,hdfs dfs -du -s -h "wasb://hdisprod-ddp-2018-01-18t16-05-30-769z@data1repoprd.blob.core.windows.net/hive/warehouse/pinpoint_prod.db/sm_bard_lookup" 
pinpoint_prod.pinpoint_semantic_dim_legalentitycountry_eve,EXTERNAL_TABLE,wasb://hdisprod-ddp-2018-01-18t16-05-30-769z@data1repoprd.blob.core.windows.net/hive/warehouse/pinpoint_prod.db/pinpoint_semantic_dim_legalentitycountry_eve,hdfs dfs -du -s -h "wasb://hdisprod-ddp-2018-01-18t16-05-30-769z@data1repoprd.blob.core.windows.net/hive/warehouse/pinpoint_prod.db/pinpoint_semantic_dim_legalentitycountry_eve" 
pinpoint_prod.PINPOINT_SEMANTIC_DIM_BUSINESSUNIT_eve,EXTERNAL_TABLE,wasb://hdisprod-ddp-2018-01-18t16-05-30-769z@data1repoprd.blob.core.windows.net/hive/warehouse/pinpoint_prod.db/pinpoint_semantic_dim_businessunit_eve,hdfs dfs -du -s -h "wasb://hdisprod-ddp-2018-01-18t16-05-30-769z@data1repoprd.blob.core.windows.net/hive/warehouse/pinpoint_prod.db/pinpoint_semantic_dim_businessunit_eve" 
pinpoint_prod.PINPOINT_SEMANTIC_DIM_10KREPORTINGSEGMENT_eve,EXTERNAL_TABLE,wasb://hdisprod-ddp-2018-01-18t16-05-30-769z@data1repoprd.blob.core.windows.net/hive/warehouse/pinpoint_prod.db/pinpoint_semantic_dim_10kreportingsegment_eve,hdfs dfs -du -s -h "wasb://hdisprod-ddp-2018-01-18t16-05-30-769z@data1repoprd.blob.core.windows.net/hive/warehouse/pinpoint_prod.db/pinpoint_semantic_dim_10kreportingsegment_eve" 
pinpoint_prod.mara_everest,MANAGED_TABLE,wasb://hdisprod-ddp-2018-01-18t16-05-30-769z@data1repoprd.blob.core.windows.net/hive/warehouse/pinpoint_prod.db/mara_everest,hdfs dfs -du -s -h "wasb://hdisprod-ddp-2018-01-18t16-05-30-769z@data1repoprd.blob.core.windows.net/hive/warehouse/pinpoint_prod.db/mara_everest" 
pinpoint_prod.mara_tahiti,MANAGED_TABLE,wasb://hdisprod-ddp-2018-01-18t16-05-30-769z@data1repoprd.blob.core.windows.net/hive/warehouse/pinpoint_prod.db/mara_tahiti,hdfs dfs -du -s -h "wasb://hdisprod-ddp-2018-01-18t16-05-30-769z@data1repoprd.blob.core.windows.net/hive/warehouse/pinpoint_prod.db/mara_tahiti" 
pinpoint_prod.makt_everest,MANAGED_TABLE,wasb://hdisprod-ddp-2018-01-18t16-05-30-769z@data1repoprd.blob.core.windows.net/hive/warehouse/pinpoint_prod.db/makt_everest,hdfs dfs -du -s -h "wasb://hdisprod-ddp-2018-01-18t16-05-30-769z@data1repoprd.blob.core.windows.net/hive/warehouse/pinpoint_prod.db/makt_everest" 
pinpoint_prod.makt_tahiti,MANAGED_TABLE,wasb://hdisprod-ddp-2018-01-18t16-05-30-769z@data1repoprd.blob.core.windows.net/hive/warehouse/pinpoint_prod.db/makt_tahiti,hdfs dfs -du -s -h "wasb://hdisprod-ddp-2018-01-18t16-05-30-769z@data1repoprd.blob.core.windows.net/hive/warehouse/pinpoint_prod.db/makt_tahiti" 
pinpoint_prod.makt_monaco,MANAGED_TABLE,wasb://hdisprod-ddp-2018-01-18t16-05-30-769z@data1repoprd.blob.core.windows.net/hive/warehouse/pinpoint_prod.db/makt_monaco,hdfs dfs -du -s -h "wasb://hdisprod-ddp-2018-01-18t16-05-30-769z@data1repoprd.blob.core.windows.net/hive/warehouse/pinpoint_prod.db/makt_monaco" 
pinpoint_uat.mseg_stg_everest,MANAGED_TABLE,wasb://hdisprod-ddp-2018-01-18t16-05-30-769z@data1repoprd.blob.core.windows.net/hive/warehouse/pinpoint_uat.db/mseg_stg_everest,hdfs dfs -du -s -h "wasb://hdisprod-ddp-2018-01-18t16-05-30-769z@data1repoprd.blob.core.windows.net/hive/warehouse/pinpoint_uat.db/mseg_stg_everest" 
pinpoint_uat.mseg_stg_tahiti,MANAGED_TABLE,wasb://hdisprod-ddp-2018-01-18t16-05-30-769z@data1repoprd.blob.core.windows.net/hive/warehouse/pinpoint_uat.db/mseg_stg_tahiti,hdfs dfs -du -s -h "wasb://hdisprod-ddp-2018-01-18t16-05-30-769z@data1repoprd.blob.core.windows.net/hive/warehouse/pinpoint_uat.db/mseg_stg_tahiti" 
pinpoint_uat.companypayermap_combined,MANAGED_TABLE,wasb://hdisprod-ddp-2018-01-18t16-05-30-769z@data1repoprd.blob.core.windows.net/hive/warehouse/pinpoint_uat.db/companypayermap_combined,hdfs dfs -du -s -h "wasb://hdisprod-ddp-2018-01-18t16-05-30-769z@data1repoprd.blob.core.windows.net/hive/warehouse/pinpoint_uat.db/companypayermap_combined" 
pinpoint_uat.kna1_combined,MANAGED_TABLE,wasb://hdisprod-ddp-2018-01-18t16-05-30-769z@data1repoprd.blob.core.windows.net/hive/warehouse/pinpoint_uat.db/kna1_combined,hdfs dfs -du -s -h "wasb://hdisprod-ddp-2018-01-18t16-05-30-769z@data1repoprd.blob.core.windows.net/hive/warehouse/pinpoint_uat.db/kna1_combined" 
pinpoint_uat.knb1_combined,MANAGED_TABLE,wasb://hdisprod-ddp-2018-01-18t16-05-30-769z@data1repoprd.blob.core.windows.net/hive/warehouse/pinpoint_uat.db/knb1_combined,hdfs dfs -du -s -h "wasb://hdisprod-ddp-2018-01-18t16-05-30-769z@data1repoprd.blob.core.windows.net/hive/warehouse/pinpoint_uat.db/knb1_combined" 
pinpoint_uat.intermediate_marc,EXTERNAL_TABLE,wasb://hdisprod-ddp-2018-01-18t16-05-30-769z@data1repoprd.blob.core.windows.net/hive/warehouse/pinpoint_uat.db/intermediate_marc,hdfs dfs -du -s -h "wasb://hdisprod-ddp-2018-01-18t16-05-30-769z@data1repoprd.blob.core.windows.net/hive/warehouse/pinpoint_uat.db/intermediate_marc" 
pinpoint_uat.billing_tahiti,MANAGED_TABLE,wasb://hdisprod-ddp-2018-01-18t16-05-30-769z@data1repoprd.blob.core.windows.net/hive/warehouse/pinpoint_uat.db/billing_tahiti,hdfs dfs -du -s -h "wasb://hdisprod-ddp-2018-01-18t16-05-30-769z@data1repoprd.blob.core.windows.net/hive/warehouse/pinpoint_uat.db/billing_tahiti" 
pinpoint_uat.billing_sourcemanufacturer_purchasefrom_tahiti_combined,MANAGED_TABLE,wasb://hdisprod-ddp-2018-01-18t16-05-30-769z@data1repoprd.blob.core.windows.net/hive/warehouse/pinpoint_uat.db/billing_sourcemanufacturer_purchasefrom_tahiti_combined,hdfs dfs -du -s -h "wasb://hdisprod-ddp-2018-01-18t16-05-30-769z@data1repoprd.blob.core.windows.net/hive/warehouse/pinpoint_uat.db/billing_sourcemanufacturer_purchasefrom_tahiti_combined" 
PINPOINT_PROD.newtsmwithoutsku,MANAGED_TABLE,wasb://hdisprod-ddp-2018-01-18t16-05-30-769z@data1repoprd.blob.core.windows.net/hive/warehouse/pinpoint_prod.db/newtsmwithoutsku,hdfs dfs -du -s -h "wasb://hdisprod-ddp-2018-01-18t16-05-30-769z@data1repoprd.blob.core.windows.net/hive/warehouse/pinpoint_prod.db/newtsmwithoutsku" 
pinpoint_a2_stage.re_reprofitctr_bpc,EXTERNAL_TABLE,wasb://hdi2sprod-ddp-2019-07-22t17-08-57-348z@data1repoprd.blob.core.windows.net/hive/warehouse/pinpoint_a2_stage.db/re_reprofitctr_bpc,hdfs dfs -du -s -h "wasb://hdi2sprod-ddp-2019-07-22t17-08-57-348z@data1repoprd.blob.core.windows.net/hive/warehouse/pinpoint_a2_stage.db/re_reprofitctr_bpc" 
s4h_bw_semantic_ds.bw_pinpoint_acdoca,MANAGED_TABLE,wasb://hdi-spark-prod5-2022-03-25t14-03-15-987z@data1repoprd.blob.core.windows.net/hive/warehouse/s4h_bw_semantic_ds.db/bw_pinpoint_acdoca,hdfs dfs -du -s -h "wasb://hdi-spark-prod5-2022-03-25t14-03-15-987z@data1repoprd.blob.core.windows.net/hive/warehouse/s4h_bw_semantic_ds.db/bw_pinpoint_acdoca" 
s4h_bw_semantic_ds.bw_sales,MANAGED_TABLE,wasb://hdi-spark-prod5-2022-03-25t14-03-15-987z@data1repoprd.blob.core.windows.net/hive/warehouse/s4h_bw_semantic_ds.db/bw_sales,hdfs dfs -du -s -h "wasb://hdi-spark-prod5-2022-03-25t14-03-15-987z@data1repoprd.blob.core.windows.net/hive/warehouse/s4h_bw_semantic_ds.db/bw_sales" 
s4h_bw_semantic_ds.bw_material_movement,MANAGED_TABLE,wasb://hdi-spark-prod5-2022-03-25t14-03-15-987z@data1repoprd.blob.core.windows.net/hive/warehouse/s4h_bw_semantic_ds.db/bw_material_movement,hdfs dfs -du -s -h "wasb://hdi-spark-prod5-2022-03-25t14-03-15-987z@data1repoprd.blob.core.windows.net/hive/warehouse/s4h_bw_semantic_ds.db/bw_material_movement" 
s4h_bw_semantic_ds.bw_customer_master,EXTERNAL_TABLE,wasb://hdi-spark-prod5-2022-03-25t14-03-15-987z@data1repoprd.blob.core.windows.net/hive/warehouse/s4h_bw_semantic_ds.db/bw_customer_master,hdfs dfs -du -s -h "wasb://hdi-spark-prod5-2022-03-25t14-03-15-987z@data1repoprd.blob.core.windows.net/hive/warehouse/s4h_bw_semantic_ds.db/bw_customer_master" 
s4h_bw_semantic_ds.bw_customer_compc_master,EXTERNAL_TABLE,wasb://hdi-spark-prod5-2022-03-25t14-03-15-987z@data1repoprd.blob.core.windows.net/hive/warehouse/s4h_bw_semantic_ds.db/bw_customer_compc_master,hdfs dfs -du -s -h "wasb://hdi-spark-prod5-2022-03-25t14-03-15-987z@data1repoprd.blob.core.windows.net/hive/warehouse/s4h_bw_semantic_ds.db/bw_customer_compc_master" 
s4h_bw_semantic_ds.billing_condition,MANAGED_TABLE,wasb://hdi-spark-prod5-2022-03-25t14-03-15-987z@data1repoprd.blob.core.windows.net/hive/warehouse/s4h_bw_semantic_ds.db/billing_condition,hdfs dfs -du -s -h "wasb://hdi-spark-prod5-2022-03-25t14-03-15-987z@data1repoprd.blob.core.windows.net/hive/warehouse/s4h_bw_semantic_ds.db/billing_condition" 
s4h_bw_semantic_ds.bw_material_master,EXTERNAL_TABLE,wasb://hdi-spark-prod5-2022-03-25t14-03-15-987z@data1repoprd.blob.core.windows.net/hive/warehouse/s4h_bw_semantic_ds.db/bw_material_master,hdfs dfs -du -s -h "wasb://hdi-spark-prod5-2022-03-25t14-03-15-987z@data1repoprd.blob.core.windows.net/hive/warehouse/s4h_bw_semantic_ds.db/bw_material_master" 
pinpoint_prod.pinpoint_semantic_facts_common_s4h,MANAGED_TABLE,wasb://hdisprod-ddp-2018-01-18t16-05-30-769z@data1repoprd.blob.core.windows.net/hive/warehouse/pinpoint_prod.db/pinpoint_semantic_facts_common_s4h,hdfs dfs -du -s -h "wasb://hdisprod-ddp-2018-01-18t16-05-30-769z@data1repoprd.blob.core.windows.net/hive/warehouse/pinpoint_prod.db/pinpoint_semantic_facts_common_s4h" 
pinpoint_a2_stage.bw_pinpoint_acdoca_stg,MANAGED_TABLE,wasb://hdi2sprod-ddp-2019-07-22t17-08-57-348z@data1repoprd.blob.core.windows.net/hive/warehouse/pinpoint_a2_stage.db/bw_pinpoint_acdoca_stg,hdfs dfs -du -s -h "wasb://hdi2sprod-ddp-2019-07-22t17-08-57-348z@data1repoprd.blob.core.windows.net/hive/warehouse/pinpoint_a2_stage.db/bw_pinpoint_acdoca_stg" 
pinpoint_a2_stage.bw_sales_staging_new,MANAGED_TABLE,wasb://hdi2sprod-ddp-2019-07-22t17-08-57-348z@data1repoprd.blob.core.windows.net/hive/warehouse/pinpoint_a2_stage.db/bw_sales_staging_new,hdfs dfs -du -s -h "wasb://hdi2sprod-ddp-2019-07-22t17-08-57-348z@data1repoprd.blob.core.windows.net/hive/warehouse/pinpoint_a2_stage.db/bw_sales_staging_new" 
pinpoint_prod.bdi_pipo_bard_actual_pf,MANAGED_TABLE,wasb://hdisprod-ddp-2018-01-18t16-05-30-769z@data1repoprd.blob.core.windows.net/hive/warehouse/pinpoint_prod.db/bdi_pipo_bard_actual_pf,hdfs dfs -du -s -h "wasb://hdisprod-ddp-2018-01-18t16-05-30-769z@data1repoprd.blob.core.windows.net/hive/warehouse/pinpoint_prod.db/bdi_pipo_bard_actual_pf" 
pinpoint_prod.bdi_pipo_bard_ic_pf,MANAGED_TABLE,wasb://hdisprod-ddp-2018-01-18t16-05-30-769z@data1repoprd.blob.core.windows.net/hive/warehouse/pinpoint_prod.db/bdi_pipo_bard_ic_pf,hdfs dfs -du -s -h "wasb://hdisprod-ddp-2018-01-18t16-05-30-769z@data1repoprd.blob.core.windows.net/hive/warehouse/pinpoint_prod.db/bdi_pipo_bard_ic_pf" 
pinpoint_prod.T001w,MANAGED_TABLE,wasb://hdisprod-ddp-2018-01-18t16-05-30-769z@data1repoprd.blob.core.windows.net/hive/warehouse/pinpoint_prod.db/t001w,hdfs dfs -du -s -h "wasb://hdisprod-ddp-2018-01-18t16-05-30-769z@data1repoprd.blob.core.windows.net/hive/warehouse/pinpoint_prod.db/t001w" 
pinpoint_prod.lots_load,MANAGED_TABLE,wasb://hdisprod-ddp-2018-01-18t16-05-30-769z@data1repoprd.blob.core.windows.net/hive/warehouse/pinpoint_prod.db/lots_load,hdfs dfs -du -s -h "wasb://hdisprod-ddp-2018-01-18t16-05-30-769z@data1repoprd.blob.core.windows.net/hive/warehouse/pinpoint_prod.db/lots_load" 
pinpoint_prod.lots_transform,MANAGED_TABLE,wasb://hdisprod-ddp-2018-01-18t16-05-30-769z@data1repoprd.blob.core.windows.net/hive/warehouse/pinpoint_prod.db/lots_transform,hdfs dfs -du -s -h "wasb://hdisprod-ddp-2018-01-18t16-05-30-769z@data1repoprd.blob.core.windows.net/hive/warehouse/pinpoint_prod.db/lots_transform" 
pinpoint_prod_bk.T001,MANAGED_TABLE,wasb://hdisprod-ddp-2018-01-18t16-05-30-769z@data1repoprd.blob.core.windows.net/hive/warehouse/pinpoint_prod_bk.db/t001,hdfs dfs -du -s -h "wasb://hdisprod-ddp-2018-01-18t16-05-30-769z@data1repoprd.blob.core.windows.net/hive/warehouse/pinpoint_prod_bk.db/t001" 
pinpoint_prod.T001,MANAGED_TABLE,wasb://hdisprod-ddp-2018-01-18t16-05-30-769z@data1repoprd.blob.core.windows.net/hive/warehouse/pinpoint_prod.db/t001,hdfs dfs -du -s -h "wasb://hdisprod-ddp-2018-01-18t16-05-30-769z@data1repoprd.blob.core.windows.net/hive/warehouse/pinpoint_prod.db/t001" 
pinpoint_prod.PINPOINT_SEMANTIC_DIM_10KREPORTINGSEGMENT,MANAGED_TABLE,wasb://hdisprod-ddp-2018-01-18t16-05-30-769z@data1repoprd.blob.core.windows.net/hive/warehouse/pinpoint_prod.db/pinpoint_semantic_dim_10kreportingsegment,hdfs dfs -du -s -h "wasb://hdisprod-ddp-2018-01-18t16-05-30-769z@data1repoprd.blob.core.windows.net/hive/warehouse/pinpoint_prod.db/pinpoint_semantic_dim_10kreportingsegment" 
pinpoint_prod.PINPOINT_SEMANTIC_DIM_BUSINESSUNIT,MANAGED_TABLE,wasb://hdisprod-ddp-2018-01-18t16-05-30-769z@data1repoprd.blob.core.windows.net/hive/warehouse/pinpoint_prod.db/pinpoint_semantic_dim_businessunit,hdfs dfs -du -s -h "wasb://hdisprod-ddp-2018-01-18t16-05-30-769z@data1repoprd.blob.core.windows.net/hive/warehouse/pinpoint_prod.db/pinpoint_semantic_dim_businessunit" 
pinpoint_prod.PINPOINT_SEMANTIC_DIM_LEGALENTITYCOUNTRY,MANAGED_TABLE,wasb://hdisprod-ddp-2018-01-18t16-05-30-769z@data1repoprd.blob.core.windows.net/hive/warehouse/pinpoint_prod.db/pinpoint_semantic_dim_legalentitycountry,hdfs dfs -du -s -h "wasb://hdisprod-ddp-2018-01-18t16-05-30-769z@data1repoprd.blob.core.windows.net/hive/warehouse/pinpoint_prod.db/pinpoint_semantic_dim_legalentitycountry" 
pinpoint_prod.pinpoint_semantic_facts_common_nodum_2025008,MANAGED_TABLE,wasb://hdisprod-ddp-2018-01-18t16-05-30-769z@data1repoprd.blob.core.windows.net/hive/warehouse/pinpoint_prod.db/pinpoint_semantic_facts_common_nodum_2025008,hdfs dfs -du -s -h "wasb://hdisprod-ddp-2018-01-18t16-05-30-769z@data1repoprd.blob.core.windows.net/hive/warehouse/pinpoint_prod.db/pinpoint_semantic_facts_common_nodum_2025008" 
pinpoint_prod.copa_2025005,MANAGED_TABLE,wasb://hdisprod-ddp-2018-01-18t16-05-30-769z@data1repoprd.blob.core.windows.net/hive/warehouse/pinpoint_prod.db/copa_2025005,hdfs dfs -du -s -h "wasb://hdisprod-ddp-2018-01-18t16-05-30-769z@data1repoprd.blob.core.windows.net/hive/warehouse/pinpoint_prod.db/copa_2025005" 
pinpoint_prod.PINPOINT_SEMANTIC_DIM_10KREPORTINGSEGMENT_eve,EXTERNAL_TABLE,wasb://hdisprod-ddp-2018-01-18t16-05-30-769z@data1repoprd.blob.core.windows.net/hive/warehouse/pinpoint_prod.db/pinpoint_semantic_dim_10kreportingsegment_eve,hdfs dfs -du -s -h "wasb://hdisprod-ddp-2018-01-18t16-05-30-769z@data1repoprd.blob.core.windows.net/hive/warehouse/pinpoint_prod.db/pinpoint_semantic_dim_10kreportingsegment_eve" 
pinpoint_prod.PINPOINT_SEMANTIC_DIM_BUSINESSUNIT_eve,EXTERNAL_TABLE,wasb://hdisprod-ddp-2018-01-18t16-05-30-769z@data1repoprd.blob.core.windows.net/hive/warehouse/pinpoint_prod.db/pinpoint_semantic_dim_businessunit_eve,hdfs dfs -du -s -h "wasb://hdisprod-ddp-2018-01-18t16-05-30-769z@data1repoprd.blob.core.windows.net/hive/warehouse/pinpoint_prod.db/pinpoint_semantic_dim_businessunit_eve" 
pinpoint_prod.pinpoint_semantic_facts_common,MANAGED_TABLE,wasb://hdisprod-ddp-2018-01-18t16-05-30-769z@data1repoprd.blob.core.windows.net/hive/warehouse/pinpoint_prod.db/pinpoint_semantic_facts_common,hdfs dfs -du -s -h "wasb://hdisprod-ddp-2018-01-18t16-05-30-769z@data1repoprd.blob.core.windows.net/hive/warehouse/pinpoint_prod.db/pinpoint_semantic_facts_common" 
pinpoint_prod.billing_sourcemanufacturer_purchasefrom_tahiti_combined,MANAGED_TABLE,wasb://hdisprod-ddp-2018-01-18t16-05-30-769z@data1repoprd.blob.core.windows.net/hive/warehouse/pinpoint_prod.db/billing_sourcemanufacturer_purchasefrom_tahiti_combined,hdfs dfs -du -s -h "wasb://hdisprod-ddp-2018-01-18t16-05-30-769z@data1repoprd.blob.core.windows.net/hive/warehouse/pinpoint_prod.db/billing_sourcemanufacturer_purchasefrom_tahiti_combined" 
pinpoint_prod.fsv_lkup,MANAGED_TABLE,wasb://hdisprod-ddp-2018-01-18t16-05-30-769z@data1repoprd.blob.core.windows.net/hive/warehouse/pinpoint_prod.db/fsv_lkup,hdfs dfs -du -s -h "wasb://hdisprod-ddp-2018-01-18t16-05-30-769z@data1repoprd.blob.core.windows.net/hive/warehouse/pinpoint_prod.db/fsv_lkup" 
pinpoint_a2_stage.bw_material_movements_stage,MANAGED_TABLE,wasb://hdi2sprod-ddp-2019-07-22t17-08-57-348z@data1repoprd.blob.core.windows.net/hive/warehouse/pinpoint_a2_stage.db/bw_material_movements_stage,hdfs dfs -du -s -h "wasb://hdi2sprod-ddp-2019-07-22t17-08-57-348z@data1repoprd.blob.core.windows.net/hive/warehouse/pinpoint_a2_stage.db/bw_material_movements_stage" 
pinpoint_a2_stage.bw_customer_master_stage,MANAGED_TABLE,wasb://hdi2sprod-ddp-2019-07-22t17-08-57-348z@data1repoprd.blob.core.windows.net/hive/warehouse/pinpoint_a2_stage.db/bw_customer_master_stage,hdfs dfs -du -s -h "wasb://hdi2sprod-ddp-2019-07-22t17-08-57-348z@data1repoprd.blob.core.windows.net/hive/warehouse/pinpoint_a2_stage.db/bw_customer_master_stage" 
pinpoint_a2_stage.bw_customer_compc_master_stage,MANAGED_TABLE,wasb://hdi2sprod-ddp-2019-07-22t17-08-57-348z@data1repoprd.blob.core.windows.net/hive/warehouse/pinpoint_a2_stage.db/bw_customer_compc_master_stage,hdfs dfs -du -s -h "wasb://hdi2sprod-ddp-2019-07-22t17-08-57-348z@data1repoprd.blob.core.windows.net/hive/warehouse/pinpoint_a2_stage.db/bw_customer_compc_master_stage" 
pinpoint_a2_stage.bw_billing_condition,MANAGED_TABLE,wasb://hdi2sprod-ddp-2019-07-22t17-08-57-348z@data1repoprd.blob.core.windows.net/hive/warehouse/pinpoint_a2_stage.db/bw_billing_condition,hdfs dfs -du -s -h "wasb://hdi2sprod-ddp-2019-07-22t17-08-57-348z@data1repoprd.blob.core.windows.net/hive/warehouse/pinpoint_a2_stage.db/bw_billing_condition" 
pinpoint_a2_stage.material_master_stage,MANAGED_TABLE,wasb://hdi2sprod-ddp-2019-07-22t17-08-57-348z@data1repoprd.blob.core.windows.net/hive/warehouse/pinpoint_a2_stage.db/material_master_stage,hdfs dfs -du -s -h "wasb://hdi2sprod-ddp-2019-07-22t17-08-57-348z@data1repoprd.blob.core.windows.net/hive/warehouse/pinpoint_a2_stage.db/material_master_stage" 
